"Var1","Freq"
"Community",0.0419454486054041
"Cospace-time",0.0283879216202353
"Dwelling",1
"Other",0.33986910727439
"Work",0.0958328418332045
