"patt","mean","variance"
"Dwelling",2.95189641311778,6.45102512738276
"Work",13.9216949670277,338.387384462124
"Cospace-time",29.0801635658652,1098.09340484405
"Community",25.9218229746194,1192.97603371883
"Other",3.61643735267541,13.4393662110985
