"patt","mean","variance"
"Dwelling",3.96691810111181,11.6501891249026
"Work",1.79291046372503,5.61238092020432
"Cospace-time",1.10938569983276,1.59812490729423
"Community",1.46117591492988,3.79057983675267
"Other",1.65175168321721,2.80353777295814
