"patt","shape","rate"
"Dwelling",1.35074538723938,0.457585632489296
"Work",0.572756549606703,0.0411412942865957
"Cospace-time",0.770112915064431,0.026482413460989
"Community",0.563247615488877,0.0217287038816816
"Other",0.97315743319989,0.269092849757222
