"patt","contribution"
"Dwelling",0.397414194233965
"Work",0.17964953726169
"Cospace-time",0.110866974557139
"Community",0.146308776548952
"Other",0.165760517398255
